episode,avg_return
200,0.7733333333333329
400,0.7666666666666662
600,0.7653333333333329
800,0.7626666666666662
