horizon,finite_time_start_value,finite_time_eval_start_value,first_action
4,1.9,1.9,right
8,9.300000000000002,9.300000000000002,down
16,9.300000000000002,9.300000000000002,down
