iteration,"(3, 2)","(2, 2)","(1, 2)","(0, 0)"
0,0.0,0.0,0.0,0.0
1,10.0,0.0,0.0,0.0
2,10.0,9.0,0.0,0.0
3,10.0,9.0,8.1,0.0
4,10.0,9.0,8.1,0.0
5,10.0,9.0,8.1,0.0
6,10.0,9.0,8.1,5.9049000000000005
7,10.0,9.0,8.1,5.9049000000000005
8,10.0,9.0,8.1,5.9049000000000005
