{
  "Q-Learning": {
    "n_pairs": 40,
    "summed_total_bias": -12.026638970349454,
    "summed_squared_total_bias": 6.696792627475816,
    "mean_bias": -0.3006659742587364,
    "max_positive_bias": 0.13587184049182532,
    "max_negative_bias": -1.0
  },
  "Double Q-Learning": {
    "n_pairs": 40,
    "summed_total_bias": -6.685879812329878,
    "summed_squared_total_bias": 4.332820224138435,
    "mean_bias": -0.16714699530824698,
    "max_positive_bias": 0.2872153698498149,
    "max_negative_bias": -0.8864369292801583
  }
}