config,mean_final_return,std_final_return,n_runs,num_episodes
eps=0.05 alpha=0.10,0.49109038798910004,0.07378724728626083,3,800
eps=0.15 alpha=0.10,0.5045324093287169,0.011035871774248168,3,800
eps=0.40 alpha=0.10,0.5643411825335001,0.04909282789982702,3,800
eps=0.15 alpha=0.05,0.5667786998300001,0.04886003787184,3,800
eps=0.15 alpha=0.30,0.507803926336574,0.006942437276290699,3,800
eps decreasing alpha=0.10,0.5661451538650001,0.047764850764584844,3,800
