config,mean_final_return,std_final_return,n_runs,num_episodes
eps=0.05 alpha=0.10,0.507777043550131,0.012707513768360202,50,10000
eps=0.15 alpha=0.10,0.510464455525684,0.021289861577978107,50,10000
eps=0.40 alpha=0.10,0.5282886853874462,0.0733283847743785,50,10000
eps=0.15 alpha=0.05,0.5217862717036736,0.037071808641343955,50,10000
eps=0.15 alpha=0.30,0.5052908012118457,0.01544807775771012,50,10000
eps decreasing alpha=0.10,0.5136162396572859,0.02221814127985807,50,10000
